#{"t_start": 1618232876.2618868, "env_id": "seir-v0"}
r,l,t
-0.43316,25,1.303666
-0.475627,25,2.614003
-0.3822,25,3.778775
-0.45864,25,4.873008
-0.5096,25,6.00389
-0.399187,25,7.099845
-0.43316,25,8.224656
-0.543573,25,9.305508
-0.40768,25,10.438986
-0.552067,25,11.508382
-0.48412,25,12.639544
-0.645493,25,13.713518
-0.637,25,14.854531
-0.475627,25,15.965702
-0.450147,25,17.06358
-0.450147,25,18.214214
-0.43316,25,19.299219
-0.475627,25,20.427912
-0.5096,25,21.559057
-0.45864,25,22.686643
-0.416173,25,23.760803
-0.492613,25,24.89238
-0.322747,25,26.006336
-0.2548,25,27.146895
-0.424667,25,28.249571
-0.467133,25,29.379333
-0.424667,25,30.49688
-0.246307,25,31.607071
-0.322747,25,32.734356
-0.2548,25,33.812467
-0.365213,25,34.969626
-0.492613,25,36.141452
-0.518093,25,37.253032
-0.492613,25,38.35041
-0.348227,25,39.465797
-0.48412,25,40.549073
-0.56056,25,41.660326
-0.40768,25,42.886046
-0.45864,25,44.048566
-0.45864,25,45.1625
-0.399187,25,46.291041
-0.518093,25,47.413432
-0.424667,25,48.567657
-0.399187,25,49.682289
-0.390693,25,50.827196
-0.339733,25,51.987971
-0.28028,25,53.052633
-0.552067,25,54.170258
-0.348227,25,55.220165
-0.53508,25,56.346266
-0.314253,25,57.458263
-0.348227,25,58.517477
-0.40768,25,59.697834
-0.365213,25,60.782275
-0.390693,25,61.917831
-0.365213,25,63.028147
-0.492613,25,64.150148
-0.40768,25,65.233826
-0.35672,25,66.351336
-0.552067,25,67.416082
-0.501107,25,68.545904
-0.450147,25,69.673419
-0.594533,25,70.757522
-0.721933,25,71.88344
-0.237813,25,72.961635
-0.43316,25,74.073037
-0.339733,25,75.138512
-0.35672,25,76.254892
-0.620013,25,77.399433
-0.365213,25,78.526882
-0.526587,25,79.59102
-0.390693,25,80.70396
-0.43316,25,81.767413
-0.56056,25,82.879359
-0.40768,25,84.004402
-0.48412,25,85.087444
-0.424667,25,86.218175
-0.424667,25,87.294689
-0.526587,25,88.418213
-0.212333,25,89.558574
-0.373707,25,90.707362
-0.314253,25,92.839488
-0.348227,25,93.984359
-0.271787,25,95.050434
-0.501107,25,96.195771
-0.20384,25,97.310313
-0.322747,25,98.373167
-0.17836,25,99.486323
-0.43316,25,100.579274
-0.314253,25,101.692674
-0.467133,25,102.773886
-0.33124,25,103.924061
-0.246307,25,105.00353
-0.3822,25,106.114532
-0.288773,25,107.182359
-0.28028,25,108.345171
-0.552067,25,109.440206
-0.246307,25,110.572054
-0.518093,25,111.735774
-0.399187,25,112.836775
-0.28028,25,113.987775
-0.33124,25,115.083774
-0.271787,25,116.217774
-0.288773,25,117.417774
-0.3822,25,118.561774
-0.161373,25,119.650774
-0.33124,25,120.783774
-0.195347,25,121.887774
-0.3822,25,123.043774
-0.416173,25,124.197778
-0.348227,25,125.264774
-0.33124,25,126.406775
-0.246307,25,127.527774
-0.2548,25,128.678774
-0.424667,25,129.768775
-0.195347,25,130.903389
-0.441653,25,131.96899
-0.424667,25,133.079349
-0.322747,25,134.127388
-0.348227,25,135.240496
-0.569053,25,136.335932
-0.22932,25,137.449839
-0.373707,25,138.598631
-0.3822,25,139.702325
-0.416173,25,140.815831
-0.492613,25,141.878727
-0.17836,25,142.987061
-0.43316,25,144.052535
-0.263293,25,145.183943
-0.501107,25,146.270292
-0.373707,25,147.378696
-0.373707,25,148.45484
-0.314253,25,149.560719
-0.33124,25,150.617069
-0.2548,25,151.747402
-0.220827,25,152.856115
-0.33124,25,153.950298
-0.441653,25,155.089399
-0.3822,25,156.138882
-0.339733,25,157.26557
-0.271787,25,158.401555
-0.45864,25,159.530545
-0.348227,25,160.601898
-0.28028,25,161.702957
-0.22932,25,162.770798
-0.569053,25,163.877665
-0.416173,25,165.072833
-0.271787,25,166.137807
-0.246307,25,167.271689
-0.263293,25,168.385424
-0.416173,25,169.515908
-0.526587,25,170.618423
-0.339733,25,171.780684
-0.48412,25,172.852751
-0.322747,25,173.999687
-0.365213,25,175.053793
-0.365213,25,176.182341
-0.288773,25,177.273235
-0.5096,25,178.395651
-0.441653,25,179.49369
-0.518093,25,180.594775
-0.33124,25,181.696005
-0.322747,25,182.776278
-0.348227,25,184.908641
-0.322747,25,186.004305
-0.399187,25,187.117112
-0.314253,25,188.192822
-0.22932,25,189.304105
-0.35672,25,190.383985
-0.492613,25,191.512076
-0.399187,25,192.650835
-0.322747,25,193.755321
-0.17836,25,194.869868
-0.30576,25,195.966133
-0.35672,25,197.094779
-0.348227,25,198.216339
-0.263293,25,199.347083
-0.20384,25,200.426193
-0.2548,25,201.568281
-0.195347,25,202.621288
-0.20384,25,203.787763
-0.399187,25,204.932853
-0.30576,25,206.188141
-0.365213,25,207.559404
-0.195347,25,208.726573
-0.322747,25,209.915625
-0.22932,25,211.018537
-0.271787,25,212.144163
-0.2548,25,213.231849
-0.195347,25,214.352687
-0.30576,25,215.425079
-0.416173,25,216.56589
-0.2548,25,217.661477
-0.314253,25,218.810212
-0.297267,25,219.946053
-0.30576,25,221.044427
-0.399187,25,222.172791
-0.30576,25,223.256227
-0.246307,25,224.414264
-0.399187,25,225.496131
-0.441653,25,226.706407
-0.220827,25,227.758012
-0.212333,25,228.924499
-0.271787,25,230.013279
-0.237813,25,231.158079
-0.20384,25,232.264199
-0.22932,25,233.399518
-0.297267,25,234.527089
-0.212333,25,235.606506
-0.246307,25,236.733871
-0.30576,25,237.797995
-0.373707,25,238.936684
-0.297267,25,240.022573
-0.322747,25,241.138801
-0.30576,25,242.23346
-0.161373,25,243.364743
-0.322747,25,244.463417
-0.271787,25,245.603108
-0.297267,25,246.778692
-0.297267,25,247.873391
-0.28028,25,249.000259
-0.169867,25,250.082087
-0.22932,25,251.211513
-0.263293,25,252.271007
-0.220827,25,253.392561
-0.212333,25,254.457337
-0.2548,25,255.587228
-0.288773,25,256.650522
-0.365213,25,257.74891
-0.15288,25,258.85256
-0.314253,25,259.984191
-0.22932,25,261.101081
-0.28028,25,262.187433
-0.30576,25,263.337415
-0.348227,25,264.432812
-0.246307,25,265.628414
-0.288773,25,266.703515
-0.263293,25,267.81407
-0.314253,25,268.899278
-0.271787,25,270.02485
-0.314253,25,271.128681
-0.20384,25,272.282385
-0.424667,25,273.421488
-0.288773,25,274.469376
-0.212333,25,275.582219
-0.322747,25,277.854727
-0.33124,25,279.005412
-0.339733,25,280.072814
-0.1274,25,281.202718
-0.297267,25,282.277399
-0.17836,25,283.415273
-0.135893,25,284.479594
-0.28028,25,285.608416
-0.33124,25,286.671268
-0.297267,25,287.780708
-0.22932,25,288.922666
-0.195347,25,290.016669
-0.220827,25,291.150497
-0.212333,25,292.286968
-0.2548,25,293.438939
-0.263293,25,294.531748
-0.35672,25,295.644547
-0.297267,25,296.734556
-0.30576,25,297.866643
-0.28028,25,298.942647
-0.246307,25,300.055924
-0.1274,25,301.177095
-0.212333,25,302.30318
-0.186853,25,303.414984
-0.314253,25,304.496678
-0.144387,25,305.593659
-0.246307,25,306.675108
-0.195347,25,307.813397
-0.22932,25,308.927907
-0.195347,25,310.064936
-0.30576,25,311.127945
-0.28028,25,312.244373
-0.1274,25,313.32564
-0.084933,25,314.432506
-0.237813,25,315.56405
-0.212333,25,316.638915
-0.246307,25,317.753677
-0.297267,25,318.862957
-0.297267,25,319.981388
-0.186853,25,321.054713
-0.212333,25,322.168991
-0.220827,25,323.232902
-0.314253,25,324.324875
-0.17836,25,325.41816
-0.22932,25,326.527133
-0.118907,25,327.591402
-0.348227,25,328.697094
-0.271787,25,329.808878
-0.246307,25,330.877419
-0.118907,25,332.006215
-0.263293,25,333.076656
-0.17836,25,334.225781
-0.28028,25,335.276298
-0.322747,25,336.3898
-0.246307,25,337.454256
-0.2548,25,338.610486
-0.297267,25,339.694159
-0.22932,25,340.814766
-0.195347,25,341.930791
-0.144387,25,342.995003
-0.20384,25,344.13985
-0.20384,25,345.204698
-0.093427,25,346.303262
-0.20384,25,347.368187
-0.17836,25,348.507496
-0.110413,25,349.578477
-0.348227,25,350.706233
-0.246307,25,351.865637
-0.297267,25,353.000636
-0.20384,25,354.082637
-0.135893,25,355.213637
-0.161373,25,356.37564
-0.15288,25,357.464636
-0.20384,25,358.604636
-0.195347,25,359.693637
-0.144387,25,360.852638
-0.237813,25,361.933636
-0.059453,25,363.074637
-0.288773,25,364.182636
-0.297267,25,365.314607
-0.271787,25,366.398636
-0.20384,25,367.522637
-0.118907,25,369.703636
-0.110413,25,370.795637
-0.297267,25,371.916355
-0.212333,25,373.043988
-0.212333,25,374.178051
-0.263293,25,375.249412
-0.20384,25,376.372105
-0.161373,25,377.451414
-0.212333,25,378.578066
-0.22932,25,379.655197
-0.212333,25,380.773098
-0.195347,25,381.854401
-0.144387,25,382.963954
-0.161373,25,384.103909
-0.144387,25,385.182314
-0.20384,25,386.296908
-0.084933,25,387.382451
-0.059453,25,388.522849
-0.084933,25,389.588975
-0.28028,25,390.703519
-0.2548,25,391.751743
-0.20384,25,392.863394
-0.161373,25,393.95839
-0.135893,25,395.07145
-0.161373,25,396.171169
-0.1274,25,397.249677
-0.067947,25,398.362204
-0.15288,25,399.446242
-0.135893,25,400.567173
-0.07644,25,401.665013
-0.144387,25,402.801554
-0.1274,25,403.861316
-0.237813,25,404.987631
-0.195347,25,406.084928
-0.169867,25,407.197892
-0.195347,25,408.275512
-0.15288,25,409.414804
-0.144387,25,410.56278
-0.169867,25,411.678856
-0.161373,25,412.829855
-0.237813,25,413.922118
-0.110413,25,415.018459
-0.212333,25,416.099109
-0.237813,25,417.209911
-0.220827,25,418.307878
-0.093427,25,419.427779
-0.093427,25,420.506889
-0.22932,25,421.627103
-0.17836,25,422.760178
-0.20384,25,423.833391
-0.169867,25,424.944689
-0.186853,25,426.028201
-0.161373,25,427.139832
-0.15288,25,428.228303
-0.20384,25,429.354435
-0.15288,25,430.425687
-0.05096,25,431.545444
-0.186853,25,432.619236
-0.20384,25,433.747873
-0.1274,25,434.822537
-0.110413,25,435.949576
-0.186853,25,437.076202
-0.161373,25,438.156975
-0.212333,25,439.300322
-0.212333,25,440.36597
-0.118907,25,441.462594
-0.186853,25,442.530384
-0.1274,25,443.637119
-0.135893,25,444.719784
-0.169867,25,445.830341
-0.17836,25,446.913149
-0.10192,25,448.035103
-0.220827,25,449.134313
-0.161373,25,450.27769
-0.135893,25,451.392077
-0.1274,25,452.471282
-0.135893,25,453.590873
-0.237813,25,454.670442
-0.1274,25,455.797049
-0.067947,25,456.846654
-0.02548,25,457.957451
-0.195347,25,459.01896
-0.135893,25,461.155487
-0.02548,25,462.257006
-0.05096,25,463.389665
-0.02548,25,464.532887
-0.07644,25,465.593858
-0.067947,25,466.722578
-0.008493,25,467.818961
-0.195347,25,468.991942
-0.067947,25,470.057259
-0.07644,25,471.170715
-0.1274,25,472.28973
-0.15288,25,473.436729
-0.1274,25,474.555728
-0.195347,25,475.682728
-0.118907,25,476.776728
-0.110413,25,477.908728
-0.059453,25,479.070729
-0.118907,25,480.192729
-0.1274,25,481.331728
-0.084933,25,482.419729
-0.093427,25,483.573698
-0.195347,25,484.671729
-0.10192,25,485.803733
-0.093427,25,486.887729
-0.135893,25,488.016728
-0.144387,25,489.110728
-0.067947,25,490.241728
-0.033973,25,491.382076
-0.084933,25,492.449975
-0.1274,25,493.585939
-0.042467,25,494.642403
-0.118907,25,495.795274
-0.067947,25,496.923457
-0.07644,25,498.076684
-0.05096,25,499.157345
-0.042467,25,500.294348
-0.144387,25,501.365964
-0.110413,25,502.481274
-0.02548,25,503.555209
-0.110413,25,504.680502
-0.10192,25,505.794844
-0.02548,25,506.864583
-0.07644,25,507.977812
-0.118907,25,509.036916
-0.05096,25,510.151252
-0.033973,25,511.249156
-0.17836,25,512.377324
-0.093427,25,513.456518
-0.07644,25,514.589009
-0.118907,25,515.654184
-0.067947,25,516.751079
-0.144387,25,517.868149
-0.084933,25,519.020647
-0.042467,25,520.149984
-0.084933,25,521.201559
-0.110413,25,522.329926
-0.033973,25,523.513034
-0.07644,25,524.752356
-0.033973,25,525.817845
-0.05096,25,526.962716
-0.084933,25,528.043566
-0.07644,25,529.178722
-0.033973,25,530.269476
-0.110413,25,531.384373
-0.07644,25,532.564481
-0.118907,25,533.663478
-0.110413,25,534.807478
-0.246307,25,535.891477
-0.067947,25,537.019477
-0.084933,25,538.108478
-0.016987,25,539.273455
-0.07644,25,540.389478
-0.118907,25,541.538485
-0.042467,25,542.673478
-0.07644,25,543.822478
-0.067947,25,544.970489
-0.059453,25,546.059477
-0.02548,25,547.188451
-0.07644,25,548.270478
-0.110413,25,549.412478
-0.042467,25,550.511493
-0.118907,25,551.634494
-0.110413,25,553.742759
-0.016987,25,554.875527
-0.059453,25,555.963562
-0.016987,25,557.074182
-0.016987,25,558.158137
-0.07644,25,559.326852
-0.084933,25,560.514842
-0.02548,25,561.601298
-0.05096,25,562.725203
-0.118907,25,563.833003
-0.059453,25,564.946106
-0.07644,25,566.041876
-0.016987,25,567.183187
-0.067947,25,568.246242
-0.17836,25,569.369348
-0.033973,25,570.450507
-0.016987,25,571.582165
-0.07644,25,572.736724
-0.07644,25,573.822241
-0.05096,25,574.950128
-0.05096,25,576.013275
-0.059453,25,577.112044
-0.186853,25,578.192924
0.0,25,579.334448
-0.135893,25,580.406963
-0.042467,25,581.521312
-0.042467,25,582.587672
-0.016987,25,583.718587
-0.016987,25,584.789504
-0.093427,25,585.919873
-0.008493,25,587.062231
-0.059453,25,588.126554
-0.05096,25,589.337531
-0.016987,25,590.421329
-0.059453,25,591.591664
-0.033973,25,592.695663
-0.118907,25,593.830175
-0.10192,25,594.914777
-0.02548,25,596.041851
-0.118907,25,597.112742
-0.1274,25,598.241671
-0.02548,25,599.33288
-0.033973,25,600.442619
-0.10192,25,601.607774
-0.110413,25,602.682843
-0.07644,25,603.83483
-0.110413,25,604.914114
-0.07644,25,606.030795
-0.033973,25,607.118406
-0.042467,25,608.263324
-0.02548,25,609.331707
-0.059453,25,610.456709
-0.067947,25,611.539198
-0.093427,25,612.682874
-0.042467,25,613.828718
-0.110413,25,614.908975
-0.033973,25,616.038179
-0.033973,25,617.102464
-0.02548,25,618.314474
-0.067947,25,619.50344
-0.10192,25,620.622554
-0.033973,25,621.692798
-0.093427,25,622.81334
-0.016987,25,623.918254
-0.067947,25,625.013915
-0.059453,25,626.081271
-0.05096,25,627.194077
-0.016987,25,628.321638
-0.042467,25,629.413174
-0.067947,25,630.547256
-0.10192,25,631.615165
-0.084933,25,632.726984
-0.008493,25,633.801934
-0.02548,25,634.938353
-0.042467,25,636.005903
-0.02548,25,637.112135
-0.033973,25,638.175717
-0.059453,25,639.30406
-0.110413,25,640.415685
-0.067947,25,641.525837
-0.008493,25,642.640154
-0.02548,25,643.728865
-0.033973,25,645.882399
-0.02548,25,646.96312
-0.008493,25,648.091921
-0.02548,25,649.204679
-0.067947,25,650.339292
-0.059453,25,651.447692
-0.05096,25,652.624715
-0.07644,25,653.725386
-0.05096,25,654.844383
-0.067947,25,655.968199
-0.008493,25,657.06189
-0.05096,25,658.174313
-0.07644,25,659.249386
-0.07644,25,660.360558
-0.008493,25,661.443503
-0.10192,25,662.650753
-0.05096,25,663.732449
-0.008493,25,664.867433
-0.059453,25,665.98559
-0.02548,25,667.136112
-0.110413,25,668.312634
-0.008493,25,669.447979
-0.067947,25,670.607951
-0.059453,25,671.675164
-0.016987,25,672.804243
-0.016987,25,673.871728
-0.110413,25,675.028458
-0.10192,25,676.127313
-0.10192,25,677.321988
-0.008493,25,678.456659
-0.067947,25,679.601071
-0.033973,25,680.776416
-0.144387,25,681.898258
-0.033973,25,683.00881
-0.067947,25,684.083152
-0.02548,25,685.203386
-0.016987,25,686.293581
-0.042467,25,687.409415
-0.02548,25,688.472657
-0.10192,25,689.595443
-0.016987,25,690.659209
-0.1274,25,691.769042
-0.067947,25,692.865063
-0.008493,25,693.976229
-0.05096,25,695.106254
-0.10192,25,696.171798
-0.059453,25,697.320277
-0.067947,25,698.398877
0.0,25,699.609939
-0.016987,25,700.697026
-0.059453,25,701.898786
-0.033973,25,702.998032
-0.02548,25,704.10558
-0.02548,25,705.213822
-0.016987,25,706.449506
-0.05096,25,707.542202
-0.016987,25,708.670679
-0.042467,25,709.786625
-0.05096,25,710.934199
-0.016987,25,712.143099
-0.05096,25,713.258099
-0.07644,25,714.414073
-0.02548,25,715.517114
-0.033973,25,716.654952
-0.016987,25,717.725858
-0.059453,25,718.85106
-0.02548,25,720.019838
-0.008493,25,721.151139
-0.067947,25,722.27844
-0.016987,25,723.377341
-0.042467,25,724.504834
-0.016987,25,725.672825
-0.059453,25,726.793656
-0.033973,25,727.903065
-0.008493,25,729.014729
-0.008493,25,730.093633
-0.05096,25,731.226744
-0.02548,25,732.308264
-0.05096,25,733.425155
-0.07644,25,734.521083
-0.059453,25,735.648647
-0.016987,25,736.900467
-0.016987,25,739.20359
-0.033973,25,740.571487
-0.07644,25,741.663706
-0.02548,25,742.777526
-0.042467,25,743.868128
-0.016987,25,745.037737
-0.02548,25,746.137568
-0.008493,25,747.309378
-0.067947,25,748.402288
-0.02548,25,749.546637
-0.05096,25,750.60952
-0.10192,25,751.722924
-0.008493,25,752.971009
-0.059453,25,754.389298
-0.008493,25,755.56034
-0.016987,25,756.638618
-0.008493,25,757.74939
-0.016987,25,758.855047
-0.016987,25,759.983141
-0.008493,25,761.031402
-0.059453,25,762.172081
-0.093427,25,763.254415
-0.042467,25,764.362373
-0.042467,25,765.620303
-0.033973,25,766.9156
-0.02548,25,768.282935
-0.016987,25,769.494284
0.0,25,770.6661
-0.033973,25,771.850331
-0.008493,25,772.961838
0.0,25,774.059723
-0.02548,25,775.197745
-0.042467,25,776.264898
-0.02548,25,777.40353
0.0,25,778.480587
-0.02548,25,779.60515
-0.008493,25,780.718541
-0.016987,25,781.795296
-0.084933,25,782.925005
-0.042467,25,783.999748
-0.016987,25,785.108262
-0.10192,25,786.18996
-0.016987,25,787.312311
-0.067947,25,788.393538
-0.033973,25,789.541662
-0.059453,25,790.626763
-0.059453,25,791.752606
-0.05096,25,792.886971
-0.042467,25,793.985892
-0.110413,25,795.137581
-0.05096,25,796.231996
-0.016987,25,797.364922
-0.008493,25,798.429878
-0.008493,25,799.551928
-0.033973,25,800.631672
-0.059453,25,801.761231
-0.07644,25,802.837157
-0.02548,25,803.945952
-0.05096,25,805.031449
0.0,25,806.266103
-0.008493,25,807.44384
-0.02548,25,808.538618
-0.084933,25,809.677052
-0.05096,25,810.784903
-0.033973,25,811.905489
-0.016987,25,812.99924
-0.067947,25,814.134362
-0.008493,25,815.215544
-0.008493,25,816.342713
-0.059453,25,817.422754
-0.042467,25,818.521294
-0.05096,25,819.658883
-0.02548,25,820.761117
-0.016987,25,821.881418
-0.008493,25,823.081369
-0.016987,25,824.288165
-0.05096,25,825.353537
-0.016987,25,826.468248
-0.02548,25,827.533353
-0.008493,25,828.681024
0.0,25,829.739546
-0.084933,25,830.854214
0.0,25,833.076593
-0.008493,25,834.216596
-0.016987,25,835.369594
-0.05096,25,836.475593
0.0,25,837.638592
-0.016987,25,838.735592
0.0,25,839.893593
0.0,25,840.991593
-0.008493,25,842.137592
-0.008493,25,843.242592
-0.033973,25,844.384592
-0.02548,25,845.476596
0.0,25,846.616592
-0.016987,25,847.756599
-0.008493,25,848.860593
-0.008493,25,850.004592
-0.008493,25,851.092593
0.0,25,852.231988
-0.05096,25,853.327022
-0.059453,25,854.454046
-0.02548,25,855.530914
-0.042467,25,856.742232
-0.02548,25,857.814897
0.0,25,858.988286
0.0,25,860.050978
0.0,25,861.16744
-0.016987,25,862.293788
-0.008493,25,863.360688
-0.016987,25,864.502144
-0.008493,25,865.587407
-0.016987,25,866.704202
-0.016987,25,867.775904
0.0,25,868.892389
-0.008493,25,869.960462
-0.008493,25,871.095389
-0.008493,25,872.17188
-0.016987,25,873.283952
-0.016987,25,874.425683
0.0,25,875.489004
0.0,25,876.618329
-0.093427,25,877.68244
-0.067947,25,878.795067
-0.059453,25,879.873444
-0.008493,25,881.003454
-0.016987,25,882.068909
-0.016987,25,883.223704
-0.016987,25,884.311645
-0.016987,25,885.412539
-0.016987,25,886.501391
-0.07644,25,887.630376
-0.084933,25,888.758148
-0.008493,25,889.848527
-0.008493,25,890.96542
-0.05096,25,892.08396
-0.02548,25,893.23496
-0.016987,25,894.329966
-0.008493,25,895.46296
-0.008493,25,896.607965
0.0,25,897.762933
-0.016987,25,898.86796
-0.016987,25,900.012962
-0.02548,25,901.10696
-0.02548,25,902.234493
0.0,25,903.401433
-0.05096,25,904.465772
-0.008493,25,905.575347
-0.008493,25,906.65681
0.0,25,907.767097
0.0,25,908.838309
-0.016987,25,910.054147
-0.008493,25,911.166504
-0.02548,25,912.30701
-0.067947,25,913.389393
0.0,25,914.537172
-0.008493,25,915.662813
-0.042467,25,916.744001
-0.05096,25,917.872765
-0.008493,25,918.947106
0.0,25,920.085884
-0.15288,25,921.16131
0.0,25,922.275419
0.0,25,923.359197
-0.008493,25,925.524023
0.0,25,926.603684
0.0,25,927.710322
0.0,25,928.776842
0.0,25,929.913059
-0.008493,25,931.044058
0.0,25,932.123496
0.0,25,933.26996
0.0,25,934.35549
-0.042467,25,935.469105
0.0,25,936.552497
0.0,25,937.662934
0.0,25,938.752347
0.0,25,940.120293
0.0,25,941.245599
0.0,25,942.542107
0.0,25,943.782159
-0.008493,25,944.889775
0.0,25,946.016457
0.0,25,947.103732
0.0,25,948.278092
0.0,25,949.388023
0.0,25,950.5198
-0.008493,25,951.652939
-0.008493,25,952.796652
0.0,25,953.882944
0.0,25,954.994138
0.0,25,956.093996
-0.008493,25,957.236461
0.0,25,958.331907
0.0,25,959.423944
-0.008493,25,960.567904
0.0,25,961.710644
0.0,25,962.870261
0.0,25,964.024881
-0.008493,25,965.266567
0.0,25,966.377168
0.0,25,967.507537
0.0,25,968.586874
0.0,25,969.730073
-0.008493,25,970.859573
-0.02548,25,971.938047
0.0,25,973.060898
0.0,25,974.126775
-0.008493,25,975.239095
-0.008493,25,976.33299
-0.008493,25,977.446295
0.0,25,978.538269
0.0,25,979.66247
-0.008493,25,980.74573
0.0,25,981.856307
0.0,25,982.923092
0.0,25,984.051915
0.0,25,985.175742
-0.008493,25,986.240205
-0.016987,25,987.36988
0.0,25,988.448006
0.0,25,989.592137
-0.008493,25,990.659257
0.0,25,991.781532
0.0,25,992.859656
0.0,25,993.985999
0.0,25,995.181902
0.0,25,996.294426
-0.008493,25,997.428894
-0.008493,25,998.493536
0.0,25,999.641989
0.0,25,1000.747033
0.0,25,1001.89661
0.0,25,1003.136808
0.0,25,1004.339337
0.0,25,1005.455947
-0.008493,25,1006.594015
0.0,25,1007.686051
0.0,25,1008.813502
0.0,25,1009.888615
0.0,25,1011.073783
0.0,25,1012.279365
0.0,25,1013.387336
0.0,25,1014.50553
0.0,25,1015.574235
0.0,25,1016.722279
0.0,25,1018.804315
-0.008493,25,1019.936985
0.0,25,1021.011038
0.0,25,1022.143899
0.0,25,1023.236699
-0.008493,25,1024.362328
0.0,25,1025.472603
0.0,25,1026.564614
-0.008493,25,1027.697749
0.0,25,1028.766455
0.0,25,1029.895347
0.0,25,1030.966887
0.0,25,1032.08284
0.0,25,1033.160172
0.0,25,1034.291358
0.0,25,1035.366736
-0.008493,25,1036.509518
-0.016987,25,1037.577154
-0.008493,25,1038.719755
-0.008493,25,1039.859179
0.0,25,1040.965552
0.0,25,1042.099528
0.0,25,1043.184764
0.0,25,1044.295275
0.0,25,1045.372855
-0.008493,25,1046.484634
0.0,25,1047.603739
-0.008493,25,1048.735553
0.0,25,1049.896678
0.0,25,1051.047825
0.0,25,1052.134448
-0.008493,25,1053.252599
-0.008493,25,1054.400107
0.0,25,1055.479394
0.0,25,1056.587173
-0.008493,25,1057.679221
-0.008493,25,1058.775368
-0.016987,25,1059.844377
0.0,25,1060.96861
-0.008493,25,1062.019615
-0.008493,25,1063.160564
0.0,25,1064.23613
-0.042467,25,1065.356708
0.0,25,1066.483331
-0.016987,25,1067.566003
0.0,25,1068.717195
0.0,25,1069.820339
-0.008493,25,1070.962608
0.0,25,1072.10681
0.0,25,1073.26581
-0.008493,25,1074.35881
-0.008493,25,1075.488784
0.0,25,1076.568781
0.0,25,1077.71281
-0.008493,25,1078.787809
0.0,25,1079.939811
0.0,25,1081.079815
0.0,25,1082.199809
0.0,25,1083.35681
0.0,25,1084.47681
0.0,25,1085.64781
0.0,25,1086.746809
0.0,25,1087.880939
-0.008493,25,1088.981109
0.0,25,1090.091848
0.0,25,1091.156026
-0.008493,25,1092.270148
0.0,25,1093.395476
-0.008493,25,1094.460208
0.0,25,1095.573143
0.0,25,1096.65416
-0.008493,25,1097.798743
0.0,25,1098.925211
0.0,25,1100.085405
0.0,25,1101.15055
0.0,25,1102.286949
0.0,25,1103.370468
0.0,25,1104.482458
0.0,25,1105.577566
0.0,25,1106.783111
-0.008493,25,1107.98759
0.0,25,1109.052901
0.0,25,1111.265844
0.0,25,1112.331415
0.0,25,1113.446723
0.0,25,1114.544837
0.0,25,1115.672809
-0.008493,25,1116.76791
0.0,25,1117.883868
0.0,25,1118.982174
-0.008493,25,1120.117523
0.0,25,1121.255685
0.0,25,1122.33938
0.0,25,1123.484361
0.0,25,1124.611979
-0.008493,25,1125.742453
0.0,25,1126.79098
0.0,25,1127.927445
0.0,25,1129.018455
0.0,25,1130.146269
-0.008493,25,1131.271302
0.0,25,1132.437319
0.0,25,1133.518409
0.0,25,1134.64639
0.0,25,1135.756202
-0.05096,25,1136.855921
0.0,25,1137.983233
0.0,25,1139.049814
-0.016987,25,1140.17232
0.0,25,1141.250749
0.0,25,1142.361554
0.0,25,1143.410532
0.0,25,1144.531741
0.0,25,1145.616366
0.0,25,1146.772267
-0.008493,25,1147.924808
0.0,25,1149.011119
0.0,25,1150.158601
0.0,25,1151.253952
-0.016987,25,1152.389015
0.0,25,1153.468705
0.0,25,1154.598948
0.0,25,1155.732011
0.0,25,1156.868529
0.0,25,1157.942229
-0.008493,25,1159.069581
0.0,25,1160.147979
0.0,25,1161.25888
0.0,25,1162.409501
0.0,25,1163.472328
0.0,25,1164.603834
-0.008493,25,1165.681293
0.0,25,1166.808429
0.0,25,1167.874267
0.0,25,1169.002567
0.0,25,1170.093896
-0.008493,25,1171.224346
0.0,25,1172.291961
0.0,25,1173.421713
-0.008493,25,1174.560232
0.0,25,1175.674587
0.0,25,1176.805696
0.0,25,1177.888855
0.0,25,1179.004332
0.0,25,1180.091961
0.0,25,1181.244428
0.0,25,1182.32839
0.0,25,1183.455488
0.0,25,1184.521805
0.0,25,1185.660747
0.0,25,1186.725133
0.0,25,1187.867569
0.0,25,1189.007488
0.0,25,1190.11602
0.0,25,1191.262799
0.0,25,1192.407547
0.0,25,1193.561255
0.0,25,1194.66756
0.0,25,1195.794313
-0.008493,25,1196.893201
0.0,25,1198.032248
-0.008493,25,1199.119673
0.0,25,1200.237657
0.0,25,1202.317632
0.0,25,1203.508064
0.0,25,1204.617384
0.0,25,1205.711578
0.0,25,1206.834446
0.0,25,1207.90125
0.0,25,1209.042135
0.0,25,1210.119633
0.0,25,1211.229336
0.0,25,1212.310902
0.0,25,1213.426718
-0.008493,25,1214.52845
0.0,25,1215.634031
0.0,25,1216.764949
0.0,25,1217.833933
0.0,25,1218.973955
0.0,25,1220.065788
-0.008493,25,1221.192885
0.0,25,1222.275579
-0.008493,25,1223.387134
0.0,25,1224.508508
0.0,25,1225.694405
0.0,25,1226.743577
0.0,25,1227.83899
0.0,25,1228.918395
0.0,25,1230.02558
0.0,25,1231.140652
0.0,25,1232.222045
0.0,25,1233.347124
0.0,25,1234.414242
0.0,25,1235.556677
0.0,25,1236.623188
0.0,25,1237.74339
0.0,25,1238.833377
0.0,25,1239.979623
0.0,25,1241.038498
-0.008493,25,1242.167915
0.0,25,1243.330614
0.0,25,1244.401113
0.0,25,1245.56574
0.0,25,1246.622055
0.0,25,1247.748381
-0.008493,25,1248.853127
0.0,25,1249.994087
0.0,25,1251.063828
0.0,25,1252.239519
0.0,25,1253.341519
0.0,25,1254.48149
0.0,25,1255.59749
0.0,25,1256.725519
0.0,25,1257.85849
0.0,25,1258.936518
0.0,25,1260.082519
0.0,25,1261.177518
0.0,25,1262.312518
-0.008493,25,1263.414534
0.0,25,1264.597519
0.0,25,1265.701521
0.0,25,1266.853519
0.0,25,1267.948519
-0.008493,25,1269.100519
-0.008493,25,1270.245524
0.0,25,1271.343519
0.0,25,1272.4557
0.0,25,1273.528581
0.0,25,1274.672936
-0.008493,25,1275.749467
0.0,25,1276.864393
0.0,25,1277.950353
0.0,25,1279.075537
0.0,25,1280.168446
0.0,25,1281.279277
0.0,25,1282.347588
-0.008493,25,1283.457446
0.0,25,1284.570887
0.0,25,1285.672324
0.0,25,1286.806405
0.0,25,1287.886658
0.0,25,1289.014653
0.0,25,1290.108097
0.0,25,1291.224281
-0.008493,25,1292.305034
0.0,25,1294.402516
0.0,25,1295.503068
0.0,25,1296.616446
-0.008493,25,1297.726783
0.0,25,1298.794524
0.0,25,1299.913719
0.0,25,1301.013895
0.0,25,1302.17777
0.0,25,1303.245871
0.0,25,1304.369961
0.0,25,1305.472137
0.0,25,1306.602261
0.0,25,1307.667913
0.0,25,1308.781253
0.0,25,1309.873214
0.0,25,1311.001488
0.0,25,1312.176904
0.0,25,1313.253599
0.0,25,1314.39817
0.0,25,1315.47133
0.0,25,1316.5964
0.0,25,1317.68881
0.0,25,1318.799911
0.0,25,1319.886902
0.0,25,1321.023442
0.0,25,1322.105869
0.0,25,1323.23128
0.0,25,1324.364934
0.0,25,1325.448679
0.0,25,1326.562081
-0.008493,25,1327.643557
0.0,25,1328.759309
0.0,25,1329.906039
0.0,25,1331.038263
0.0,25,1332.118305
0.0,25,1333.304978
0.0,25,1334.369596
0.0,25,1335.496036
0.0,25,1336.59878
0.0,25,1337.724451
0.0,25,1338.849838
0.0,25,1339.912906
0.0,25,1341.037315
-0.008493,25,1342.116566
0.0,25,1343.244592
0.0,25,1344.385741
0.0,25,1345.509246
0.0,25,1346.573057
0.0,25,1347.704528
0.0,25,1348.787993
0.0,25,1349.89991
0.0,25,1350.973918
0.0,25,1352.088082
0.0,25,1353.214114
0.0,25,1354.310635
0.0,25,1355.43691
0.0,25,1356.503708
0.0,25,1357.613499
0.0,25,1358.687297
0.0,25,1359.788844
0.0,25,1360.864856
0.0,25,1361.992762
0.0,25,1363.061407
0.0,25,1364.249795
0.0,25,1365.386336
0.0,25,1366.481379
0.0,25,1367.62954
0.0,25,1368.716315
0.0,25,1369.859265
0.0,25,1370.950583
0.0,25,1372.124902
0.0,25,1373.223902
-0.008493,25,1374.357902
0.0,25,1375.449902
0.0,25,1376.567902
0.0,25,1377.656902
-0.042467,25,1378.813876
0.0,25,1379.961902
0.0,25,1381.045902
0.0,25,1382.181903
0.0,25,1383.271902
0.0,25,1384.414905
-0.042467,25,1386.516902
0.0,25,1387.669915
-0.008493,25,1388.747876
0.0,25,1389.889911
0.0,25,1390.986902
0.0,25,1392.106012
0.0,25,1393.248109
0.0,25,1394.311713
0.0,25,1395.468695
0.0,25,1396.55137
0.0,25,1397.698672
0.0,25,1398.790663
0.0,25,1399.92537
0.0,25,1401.005865
0.0,25,1402.131124
0.0,25,1403.197478
0.0,25,1404.308003
0.0,25,1405.37316
0.0,25,1406.487084
0.0,25,1407.694725
0.0,25,1408.908806
0.0,25,1410.183548
0.0,25,1411.266444
0.0,25,1412.377402
0.0,25,1413.472254
0.0,25,1414.597178
0.0,25,1415.701026
0.0,25,1416.826244
0.0,25,1417.921562
0.0,25,1419.035869
0.0,25,1420.174616
0.0,25,1421.241602
0.0,25,1422.384113
0.0,25,1423.46963
0.0,25,1424.605151
0.0,25,1425.687645
0.0,25,1426.826921
-0.008493,25,1427.907223
0.0,25,1429.06117
0.0,25,1430.158445
0.0,25,1431.279977
0.0,25,1432.40777
0.0,25,1433.525603
-0.008493,25,1434.664441
0.0,25,1435.763978
0.0,25,1436.890844
0.0,25,1437.970262
0.0,25,1439.072406
0.0,25,1440.135664
0.0,25,1441.321352
0.0,25,1442.401633
0.0,25,1443.574749
0.0,25,1444.667043
0.0,25,1445.796766
0.0,25,1446.911367
0.0,25,1448.003287
0.0,25,1449.136275
0.0,25,1450.227644
0.0,25,1451.390149
0.0,25,1452.470827
0.0,25,1453.605986
-0.008493,25,1454.692448
0.0,25,1455.833402
0.0,25,1456.96911
0.0,25,1458.086471
0.0,25,1459.169317
0.0,25,1460.29057
0.0,25,1461.41962
0.0,25,1462.483243
0.0,25,1463.616127
0.0,25,1464.697182
-0.008493,25,1465.82574
0.0,25,1466.888978
0.0,25,1468.009785
0.0,25,1469.087841
0.0,25,1470.230424
0.0,25,1471.291883
0.0,25,1472.437169
0.0,25,1473.551913
0.0,25,1474.614985
-0.008493,25,1475.766415
0.0,25,1476.846098
0.0,25,1478.991623
0.0,25,1480.088731
0.0,25,1481.228108
0.0,25,1482.292228
0.0,25,1483.408383
0.0,25,1484.480991
0.0,25,1485.612032
0.0,25,1486.672699
0.0,25,1487.80514
0.0,25,1488.944754
0.0,25,1490.033745
0.0,25,1491.181854
0.0,25,1492.32497
0.0,25,1493.475883
-0.008493,25,1494.563101
0.0,25,1495.672446
0.0,25,1496.782662
-0.008493,25,1497.927471
-0.008493,25,1499.003449
0.0,25,1500.129334
0.0,25,1501.203573
0.0,25,1502.308787
0.0,25,1503.482423
0.0,25,1504.614969
0.0,25,1505.753588
0.0,25,1506.83942
0.0,25,1507.948932
0.0,25,1509.038467
0.0,25,1510.151946
0.0,25,1511.225702
0.0,25,1512.344473
0.0,25,1513.409247
0.0,25,1514.52074
0.0,25,1515.64661
0.0,25,1516.75771
0.0,25,1517.982642
0.0,25,1519.098605
0.0,25,1520.224839
0.0,25,1521.303577
0.0,25,1522.431981
0.0,25,1523.495994
0.0,25,1524.624927
0.0,25,1525.718523
0.0,25,1526.86314
0.0,25,1527.946268
0.0,25,1529.057656
0.0,25,1530.168417
0.0,25,1531.247551
0.0,25,1532.375698
0.0,25,1533.438781
0.0,25,1534.598439
0.0,25,1535.706484
0.0,25,1536.813634
0.0,25,1537.900754
0.0,25,1539.026939
0.0,25,1540.095196
0.0,25,1541.217513
0.0,25,1542.345777
0.0,25,1543.414689
0.0,25,1544.540114
0.0,25,1545.616305
0.0,25,1546.741541
0.0,25,1547.835359
0.0,25,1548.990421
0.0,25,1550.063006
0.0,25,1551.188004
0.0,25,1552.324693
0.0,25,1553.468952
0.0,25,1554.556895
0.0,25,1555.670472
0.0,25,1556.801713
0.0,25,1557.883565
0.0,25,1558.988768
0.0,25,1560.100856
0.0,25,1561.247397
0.0,25,1562.352
0.0,25,1563.502786
0.0,25,1564.582307
0.0,25,1565.720833
0.0,25,1566.785997
0.0,25,1567.911275
0.0,25,1569.020541
0.0,25,1571.207021
0.0,25,1572.336929
0.0,25,1573.40274
0.0,25,1574.51767
0.0,25,1575.594416
0.0,25,1576.723217
0.0,25,1577.851971
0.0,25,1579.015142
0.0,25,1580.122435
0.0,25,1581.239297
0.0,25,1582.341667
0.0,25,1583.467653
0.0,25,1584.606643
0.0,25,1585.684897
0.0,25,1586.799431
0.0,25,1587.879357
0.0,25,1589.011555
0.0,25,1590.099747
0.0,25,1591.208674
0.0,25,1592.291126
0.0,25,1593.401253
0.0,25,1594.481772
0.0,25,1595.633446
0.0,25,1596.765822
0.0,25,1597.833979
0.0,25,1598.984164
0.0,25,1600.057968
0.0,25,1601.261598
0.0,25,1602.324591
0.0,25,1603.452129
0.0,25,1604.516961
0.0,25,1605.636996
0.0,25,1606.735812
0.0,25,1607.850178
0.0,25,1608.935612
0.0,25,1610.040848
0.0,25,1611.162052
0.0,25,1612.298796
0.0,25,1613.410302
0.0,25,1614.473786
0.0,25,1615.614027
0.0,25,1616.696659
0.0,25,1617.808291
0.0,25,1618.887263
0.0,25,1620.014555
0.0,25,1621.08939
0.0,25,1622.234585
0.0,25,1623.361081
0.0,25,1624.501086
0.0,25,1625.653039
0.0,25,1626.838226
0.0,25,1627.966746
0.0,25,1629.036301
0.0,25,1630.137977
0.0,25,1631.204383
0.0,25,1632.324771
0.0,25,1633.40478
0.0,25,1634.537632
0.0,25,1635.597297
0.0,25,1636.719369
0.0,25,1637.824631
0.0,25,1638.911775
0.0,25,1640.03647
0.0,25,1641.108471
0.0,25,1642.222529
0.0,25,1643.309788
0.0,25,1644.424016
0.0,25,1645.506807
0.0,25,1646.649642
0.0,25,1647.712844
0.0,25,1648.839732
0.0,25,1649.932213
0.0,25,1651.090993
0.0,25,1652.294805
0.0,25,1653.381744
0.0,25,1654.511592
0.0,25,1655.582093
0.0,25,1656.698829
0.0,25,1657.817915
0.0,25,1658.934202
0.0,25,1660.056675
0.0,25,1661.163607
0.0,25,1663.292907
0.0,25,1664.407463
0.0,25,1665.533366
0.0,25,1666.594185
0.0,25,1667.701531
0.0,25,1668.79652
0.0,25,1669.915594
0.0,25,1671.005299
0.0,25,1672.161974
0.0,25,1673.281564
0.0,25,1674.425223
0.0,25,1675.488719
0.0,25,1676.625639
0.0,25,1677.709871
0.0,25,1678.842206
0.0,25,1679.96955
0.0,25,1681.070007
0.0,25,1682.199532
0.0,25,1683.268228
0.0,25,1684.395862
0.0,25,1685.473054
0.0,25,1686.615243
0.0,25,1687.678302
0.0,25,1688.817146
0.0,25,1689.891597
0.0,25,1691.009338
0.0,25,1692.139454
0.0,25,1693.339085
0.0,25,1694.472904
0.0,25,1695.566872
0.0,25,1696.722685
0.0,25,1697.788444
0.0,25,1698.944704
0.0,25,1700.016049
0.0,25,1701.173156
0.0,25,1702.257428
0.0,25,1703.392243
0.0,25,1704.459004
0.0,25,1705.585147
0.0,25,1706.714137
0.0,25,1707.824903
0.0,25,1708.963671
0.0,25,1710.041365
0.0,25,1711.163672
0.0,25,1712.288517
0.0,25,1713.408614
0.0,25,1714.500331
0.0,25,1715.624003
0.0,25,1716.685907
0.0,25,1717.786609
0.0,25,1718.901964
0.0,25,1719.9868
0.0,25,1721.110874
0.0,25,1722.188986
0.0,25,1723.305875
0.0,25,1724.395642
0.0,25,1725.525407
0.0,25,1726.606812
0.0,25,1727.732831
0.0,25,1728.878428
0.0,25,1730.0085
0.0,25,1731.099039
0.0,25,1732.251181
0.0,25,1733.621306
0.0,25,1734.745658
0.0,25,1736.005792
0.0,25,1737.305444
0.0,25,1738.483972
0.0,25,1739.587976
0.0,25,1740.736144
0.0,25,1741.817189
0.0,25,1742.968326
0.0,25,1744.050509
0.0,25,1745.213763
0.0,25,1746.623716
0.0,25,1747.862523
0.0,25,1749.006675
0.0,25,1750.111378
0.0,25,1751.261235
0.0,25,1752.343468
0.0,25,1753.505597
0.0,25,1754.611949
0.0,25,1756.872498
0.0,25,1758.071459
0.0,25,1759.233587
0.0,25,1760.327785
0.0,25,1761.471969
0.0,25,1762.593237
0.0,25,1763.674538
0.0,25,1764.889022
0.0,25,1765.955081
0.0,25,1767.112502
0.0,25,1768.176844
0.0,25,1769.306864
0.0,25,1770.406315
0.0,25,1771.519459
0.0,25,1772.616932
0.0,25,1773.731709
0.0,25,1774.866616
0.0,25,1775.962437
0.0,25,1777.076388
0.0,25,1778.151354
0.0,25,1779.266401
0.0,25,1780.331787
0.0,25,1781.474801
0.0,25,1782.572597
0.0,25,1783.700044
0.0,25,1784.81608
0.0,25,1786.011275
0.0,25,1787.062848
0.0,25,1788.1917
0.0,25,1789.30625
0.0,25,1790.378688
0.0,25,1791.496263
0.0,25,1792.617363
0.0,25,1793.776974
0.0,25,1794.863662
0.0,25,1796.003794
0.0,25,1797.088223
0.0,25,1798.222725
0.0,25,1799.305112
0.0,25,1800.418869
-0.042467,25,1801.523219
0.0,25,1802.656203
0.0,25,1803.779079
0.0,25,1804.864399
0.0,25,1806.020514
0.0,25,1807.090174
0.0,25,1808.20377
0.0,25,1809.280236
-0.008493,25,1810.396394
0.0,25,1811.477376
0.0,25,1812.625422
0.0,25,1813.717335
0.0,25,1814.851061
0.0,25,1815.989602
0.0,25,1817.070936
0.0,25,1818.19328
0.0,25,1819.274335
0.0,25,1820.391303
0.0,25,1821.47334
0.0,25,1822.650367
0.0,25,1823.720803
0.0,25,1825.021943
0.0,25,1826.33539
0.0,25,1827.517772
0.0,25,1828.596685
0.0,25,1829.748506
0.0,25,1830.926374
0.0,25,1832.155842
0.0,25,1833.422137
0.0,25,1834.664149
0.0,25,1835.940468
0.0,25,1837.215505
0.0,25,1838.609562
0.0,25,1839.882519
0.0,25,1841.117722
0.0,25,1842.39678
0.0,25,1843.918187
0.0,25,1845.215016
0.0,25,1846.414422
0.0,25,1847.826154
0.0,25,1849.007128
0.0,25,1850.190989
0.0,25,1852.363226
0.0,25,1853.550049
0.0,25,1854.687077
0.0,25,1855.838183
0.0,25,1856.942857
0.0,25,1858.158003
0.0,25,1859.291779
0.0,25,1860.450366
0.0,25,1861.595831
0.0,25,1862.717922
0.0,25,1863.882686
0.0,25,1865.309889
0.0,25,1867.381174
0.0,25,1868.955985
0.0,25,1870.317264
0.0,25,1871.559709
0.0,25,1873.000711
0.0,25,1874.160784
0.0,25,1875.364861
0.0,25,1876.623422
0.0,25,1878.215042
0.0,25,1879.710273
0.0,25,1881.186712
0.0,25,1883.207124
0.0,25,1884.580784
0.0,25,1885.907657
0.0,25,1887.108635
0.0,25,1888.312249
0.0,25,1889.688192
0.0,25,1891.055394
0.0,25,1892.183461
0.0,25,1893.589175
0.0,25,1894.80391
0.0,25,1895.915914
0.0,25,1897.097976
0.0,25,1898.210817
0.0,25,1899.440159
0.0,25,1900.567325
0.0,25,1901.802071
0.0,25,1902.95763
0.0,25,1904.152945
0.0,25,1905.285729
0.0,25,1906.640806
0.0,25,1907.908788
0.0,25,1909.092726
0.0,25,1910.363854
0.0,25,1911.611955
0.0,25,1913.045066
0.0,25,1914.435387
0.0,25,1916.148358
0.0,25,1917.702358
0.0,25,1919.408981
0.0,25,1920.841395
0.0,25,1922.351399
0.0,25,1923.892395
0.0,25,1925.42355
0.0,25,1927.074232
0.0,25,1928.76223
0.0,25,1930.307584
0.0,25,1931.862232
0.0,25,1933.316821
0.0,25,1934.49425
0.0,25,1935.820419
0.0,25,1936.991778
0.0,25,1938.258364
0.0,25,1939.469733
0.0,25,1940.758957
0.0,25,1941.99286
0.0,25,1943.158248
0.0,25,1944.39014
0.0,25,1945.585561
0.0,25,1946.741484
0.0,25,1947.967792
0.0,25,1949.208823
0.0,25,1950.48315
0.0,25,1951.816472
0.0,25,1952.961107
0.0,25,1954.141081
0.0,25,1955.385533
0.0,25,1956.728284
0.0,25,1957.944927
0.0,25,1959.289406
0.0,25,1961.830287
0.0,25,1963.057921
0.0,25,1964.355196
0.0,25,1965.586528
0.0,25,1966.823168
0.0,25,1968.020753
0.0,25,1969.296073
0.0,25,1970.559994
0.0,25,1971.825273
0.0,25,1973.088098
0.0,25,1974.284755
0.0,25,1975.587617
0.0,25,1976.743003
0.0,25,1977.953068
0.0,25,1979.133269
0.0,25,1980.403555
0.0,25,1981.853095
0.0,25,1983.094693
0.0,25,1984.295717
0.0,25,1985.515384
0.0,25,1986.765228
0.0,25,1988.007982
0.0,25,1989.384348
0.0,25,1990.652977
0.0,25,1991.981175
0.0,25,1993.188667
0.0,25,1994.404769
-0.008493,25,1995.594015
0.0,25,1996.846828
0.0,25,1997.974951
0.0,25,1999.154474
0.0,25,2000.258308
0.0,25,2001.384286
0.0,25,2002.470191
0.0,25,2003.617807
0.0,25,2004.774787
0.0,25,2005.870123
0.0,25,2007.144276
0.0,25,2008.263973
0.0,25,2009.525781
0.0,25,2010.831558
0.0,25,2011.98489
0.0,25,2013.093724
0.0,25,2014.232762
0.0,25,2015.333362
0.0,25,2016.479076
0.0,25,2017.717404
0.0,25,2018.941948
0.0,25,2020.138889
0.0,25,2021.335968
0.0,25,2022.497364
0.0,25,2023.588318
0.0,25,2024.77036
0.0,25,2025.894398
0.0,25,2027.039421
0.0,25,2028.172179
0.0,25,2029.317954
0.0,25,2030.45383
0.0,25,2031.64113
0.0,25,2032.825224
0.0,25,2033.935711
0.0,25,2035.100426
0.0,25,2036.20809
0.0,25,2037.383137
0.0,25,2038.525919
0.0,25,2039.710481
0.0,25,2040.940812
0.0,25,2042.182811
0.0,25,2043.314194
0.0,25,2044.512647
0.0,25,2045.792048
0.0,25,2047.018945
0.0,25,2048.241162
0.0,25,2049.372993
0.0,25,2050.645176
0.0,25,2051.846324
0.0,25,2053.189099
0.0,25,2054.40283
0.0,25,2055.610054
0.0,25,2056.725472
0.0,25,2058.084019
0.0,25,2059.263747
0.0,25,2061.634787
0.0,25,2062.794029
0.0,25,2063.949817
0.0,25,2065.120294
0.0,25,2066.364627
0.0,25,2067.672856
0.0,25,2068.925148
0.0,25,2070.522077
0.0,25,2071.820848
0.0,25,2073.245737
0.0,25,2074.609963
0.0,25,2076.045623
0.0,25,2077.263271
0.0,25,2078.414979
0.0,25,2079.673362
0.0,25,2081.019749
